{
  "by_label_source": {
    "negative_control_seed": {
      "accuracy": 0.7152777777777778,
      "f1": 0.3880597014925373,
      "fn": 26,
      "fp": 15,
      "precision": 0.4642857142857143,
      "recall": 0.3333333333333333,
      "records": 144,
      "tn": 90,
      "tp": 13
    },
    "positive_target_layer_seed": {
      "accuracy": 0.5666666666666667,
      "f1": 0.375,
      "fn": 106,
      "fp": 24,
      "precision": 0.6190476190476191,
      "recall": 0.2689655172413793,
      "records": 300,
      "tn": 131,
      "tp": 39
    }
  },
  "by_slice": {
    "offset100": {
      "accuracy": 0.5958333333333333,
      "f1": 0.3401360544217687,
      "fn": 75,
      "fp": 22,
      "precision": 0.5319148936170213,
      "recall": 0.25,
      "records": 240,
      "tn": 118,
      "tp": 25
    },
    "offset150": {
      "accuracy": 0.6372549019607843,
      "f1": 0.421875,
      "fn": 57,
      "fp": 17,
      "precision": 0.6136363636363636,
      "recall": 0.32142857142857145,
      "records": 204,
      "tn": 103,
      "tp": 27
    }
  },
  "by_task": {
    "answer_contract_alarm": {
      "accuracy": 0.40540540540540543,
      "f1": 0.5217391304347827,
      "fn": 42,
      "fp": 2,
      "precision": 0.9230769230769231,
      "recall": 0.36363636363636365,
      "records": 74,
      "tn": 6,
      "tp": 24
    },
    "answer_type_relation_alarm": {
      "accuracy": 0.6216216216216216,
      "f1": 0.125,
      "fn": 22,
      "fp": 6,
      "precision": 0.25,
      "recall": 0.08333333333333333,
      "records": 74,
      "tn": 44,
      "tp": 2
    },
    "evidence_adequacy_alarm": {
      "accuracy": 0.7432432432432432,
      "f1": 0.4242424242424242,
      "fn": 6,
      "fp": 13,
      "precision": 0.35,
      "recall": 0.5384615384615384,
      "records": 74,
      "tn": 48,
      "tp": 7
    },
    "final_candidate_alarm": {
      "accuracy": 0.8243243243243243,
      "f1": 0.0,
      "fn": 5,
      "fp": 8,
      "precision": 0.0,
      "recall": 0.0,
      "records": 74,
      "tn": 61,
      "tp": 0
    },
    "short_span_granularity_alarm": {
      "accuracy": 0.6081081081081081,
      "f1": 0.06451612903225806,
      "fn": 28,
      "fp": 1,
      "precision": 0.5,
      "recall": 0.034482758620689655,
      "records": 74,
      "tn": 44,
      "tp": 1
    },
    "target_authority_alarm": {
      "accuracy": 0.4864864864864865,
      "f1": 0.48648648648648646,
      "fn": 29,
      "fp": 9,
      "precision": 0.6666666666666666,
      "recall": 0.3829787234042553,
      "records": 74,
      "tn": 18,
      "tp": 18
    }
  },
  "exact_accuracy": 0.5878378378378378,
  "gold_counts_by_task": {
    "answer_contract_alarm": {
      "no": 8,
      "yes": 66
    },
    "answer_type_relation_alarm": {
      "no": 50,
      "yes": 24
    },
    "evidence_adequacy_alarm": {
      "no": 61,
      "yes": 13
    },
    "final_candidate_alarm": {
      "no": 69,
      "yes": 5
    },
    "short_span_granularity_alarm": {
      "no": 45,
      "yes": 29
    },
    "target_authority_alarm": {
      "no": 27,
      "soft": 2,
      "yes": 45
    }
  },
  "note": "Binary metrics count soft as positive for target_authority_alarm.",
  "outputs": "/data/xuhaoming/yfy/research_workspace/experiments/20260615-2002-a8002-pact-answer-contract-split-alarm-qwen25-14b/outputs.jsonl",
  "overall_binary_metrics": {
    "accuracy": 0.6148648648648649,
    "f1": 0.3781818181818182,
    "fn": 132,
    "fp": 39,
    "precision": 0.5714285714285714,
    "recall": 0.2826086956521739,
    "records": 444,
    "tn": 221,
    "tp": 52
  },
  "packet": "/data/xuhaoming/yfy/research_workspace/experiments/20260615-local-pact-answer-contract-split-alarm-packet/split_alarm_packet.jsonl",
  "parse_failures": 1,
  "positive_accuracy": 0.6148648648648649,
  "prediction_counts_by_task": {
    "answer_contract_alarm": {
      "no": 48,
      "yes": 26
    },
    "answer_type_relation_alarm": {
      "no": 66,
      "yes": 8
    },
    "evidence_adequacy_alarm": {
      "no": 54,
      "yes": 20
    },
    "final_candidate_alarm": {
      "no": 66,
      "yes": 8
    },
    "short_span_granularity_alarm": {
      "no": 72,
      "yes": 2
    },
    "target_authority_alarm": {
      "no": 47,
      "soft": 12,
      "yes": 15
    }
  },
  "prediction_source": "outputs",
  "records": 444
}
