{
  "rows": 9,
  "metrics": {
    "gold_answer_ok": 0.6666666666666666,
    "admissible_downstream_ok": 0.2222222222222222
  },
  "by_condition": {
    "base": {
      "gold_answer_ok": 0.6666666666666666,
      "admissible_downstream_ok": 0.6666666666666666
    },
    "perturbation": {
      "gold_answer_ok": 0.6666666666666666,
      "admissible_downstream_ok": 0.0
    }
  }
}
