{
  "rows": 33,
  "strict": 15,
  "strict_rate": 0.45454545454545453,
  "base_rows": 11,
  "base_strict_rate": 0.9090909090909091,
  "perturbation_rows": 22,
  "perturbation_strict_rate": 0.22727272727272727,
  "slot_recall": 0.959090909090909,
  "extra_final_card_count": 40,
  "scope_violations_prevented": 0,
  "invalid_support_prevented": 0,
  "budget_rejections": 0,
  "forced_commitment_rate": 0.09090909090909091
}
