{
  "rows": 9,
  "metrics": {
    "strict": 0.1111111111111111,
    "unit_recall": 0.5925925925925926,
    "rejection_recall": 0.5555555555555556,
    "scope_violations": 0.0,
    "absent_unit_violations": 0.1111111111111111,
    "downstream_ok": 0.4444444444444444,
    "option_state_recall": 0.9259259259259258
  },
  "by_condition": {
    "base": {
      "strict": 0.0,
      "unit_recall": 0.5555555555555555,
      "rejection_recall": 0.0,
      "scope_violations": 0.0,
      "absent_unit_violations": 0.0,
      "downstream_ok": 1.0,
      "option_state_recall": 0.8888888888888888
    },
    "perturbation": {
      "strict": 0.16666666666666666,
      "unit_recall": 0.611111111111111,
      "rejection_recall": 0.8333333333333334,
      "scope_violations": 0.0,
      "absent_unit_violations": 0.16666666666666666,
      "downstream_ok": 0.16666666666666666,
      "option_state_recall": 0.9444444444444443
    }
  }
}
