{
  "rows": 9,
  "metrics": {
    "strict": 0.0,
    "unit_recall": 0.5925925925925926,
    "rejection_recall": 0.5555555555555556,
    "scope_violations": 0.2222222222222222,
    "absent_unit_violations": 0.0,
    "downstream_ok": 0.3333333333333333,
    "option_state_recall": 0.7777777777777778
  },
  "by_condition": {
    "base": {
      "strict": 0.0,
      "unit_recall": 0.5555555555555555,
      "rejection_recall": 0.0,
      "scope_violations": 0.0,
      "absent_unit_violations": 0.0,
      "downstream_ok": 1.0,
      "option_state_recall": 0.7777777777777777
    },
    "perturbation": {
      "strict": 0.0,
      "unit_recall": 0.611111111111111,
      "rejection_recall": 0.8333333333333334,
      "scope_violations": 0.3333333333333333,
      "absent_unit_violations": 0.0,
      "downstream_ok": 0.0,
      "option_state_recall": 0.7777777777777777
    }
  }
}
